type,array_length,time,try
seq_mul,1000,0.0000045180,0
simd_mul,1000,0.0000007030,0
seq_mul_reduce,1000,0.0000076410,0
simd_mul_reduce,1000,0.0000005730,0
seq_mul,1000,0.0000044950,1
simd_mul,1000,0.0000006120,1
seq_mul_reduce,1000,0.0000076680,1
simd_mul_reduce,1000,0.0000006240,1
seq_mul,1000,0.0000044780,2
simd_mul,1000,0.0000006090,2
seq_mul_reduce,1000,0.0000076680,2
simd_mul_reduce,1000,0.0000006220,2
seq_mul,1000,0.0000044780,3
simd_mul,1000,0.0000006150,3
seq_mul_reduce,1000,0.0000076680,3
simd_mul_reduce,1000,0.0000006170,3
seq_mul,1000,0.0000044790,4
simd_mul,1000,0.0000006090,4
seq_mul_reduce,1000,0.0000076680,4
simd_mul_reduce,1000,0.0000006220,4
seq_mul,1000,0.0000044800,5
simd_mul,1000,0.0000006100,5
seq_mul_reduce,1000,0.0000076690,5
simd_mul_reduce,1000,0.0000006190,5
seq_mul,1000,0.0000044790,6
simd_mul,1000,0.0000006130,6
seq_mul_reduce,1000,0.0000076680,6
simd_mul_reduce,1000,0.0000006180,6
seq_mul,1000,0.0000044790,7
simd_mul,1000,0.0000006090,7
seq_mul_reduce,1000,0.0000076690,7
simd_mul_reduce,1000,0.0000006250,7
seq_mul,1000,0.0000044790,8
simd_mul,1000,0.0000006110,8
seq_mul_reduce,1000,0.0000076690,8
simd_mul_reduce,1000,0.0000006240,8
seq_mul,1000,0.0000044780,9
simd_mul,1000,0.0000006110,9
seq_mul_reduce,1000,0.0000076690,9
simd_mul_reduce,1000,0.0000006210,9
seq_mul,1001000,0.0060646760,0
simd_mul,1001000,0.0006032190,0
seq_mul_reduce,1001000,0.0077635850,0
simd_mul_reduce,1001000,0.0005097400,0
seq_mul,1001000,0.0056822660,1
simd_mul,1001000,0.0006516940,1
seq_mul_reduce,1001000,0.0077597790,1
simd_mul_reduce,1001000,0.0005629150,1
seq_mul,1001000,0.0054867200,2
simd_mul,1001000,0.0007063550,2
seq_mul_reduce,1001000,0.0076133490,2
simd_mul_reduce,1001000,0.0005855880,2
seq_mul,1001000,0.0053914010,3
simd_mul,1001000,0.0006512530,3
seq_mul_reduce,1001000,0.0076457620,3
simd_mul_reduce,1001000,0.0005157340,3
seq_mul,1001000,0.0053990500,4
simd_mul,1001000,0.0006698410,4
seq_mul_reduce,1001000,0.0075669030,4
simd_mul_reduce,1001000,0.0005640410,4
seq_mul,1001000,0.0053676800,5
simd_mul,1001000,0.0006437350,5
seq_mul_reduce,1001000,0.0076008160,5
simd_mul_reduce,1001000,0.0005150310,5
seq_mul,1001000,0.0054322380,6
simd_mul,1001000,0.0006473680,6
seq_mul_reduce,1001000,0.0075428380,6
simd_mul_reduce,1001000,0.0005180300,6
seq_mul,1001000,0.0054900410,7
simd_mul,1001000,0.0006418780,7
seq_mul_reduce,1001000,0.0075681450,7
simd_mul_reduce,1001000,0.0005150340,7
seq_mul,1001000,0.0053798370,8
simd_mul,1001000,0.0007080130,8
seq_mul_reduce,1001000,0.0076021360,8
simd_mul_reduce,1001000,0.0005631810,8
seq_mul,1001000,0.0057346300,9
simd_mul,1001000,0.0013549240,9
seq_mul_reduce,1001000,0.0147526350,9
simd_mul_reduce,1001000,0.0011165360,9
seq_mul,2001000,0.0202229260,0
simd_mul,2001000,0.0030690370,0
seq_mul_reduce,2001000,0.0158303670,0
simd_mul_reduce,2001000,0.0011100610,0
seq_mul,2001000,0.0109214030,1
simd_mul,2001000,0.0019889840,1
seq_mul_reduce,2001000,0.0156676670,1
simd_mul_reduce,2001000,0.0011903140,1
seq_mul,2001000,0.0111775250,2
simd_mul,2001000,0.0025452550,2
seq_mul_reduce,2001000,0.0154546350,2
simd_mul_reduce,2001000,0.0010516410,2
seq_mul,2001000,0.0109394530,3
simd_mul,2001000,0.0017945280,3
seq_mul_reduce,2001000,0.0153324970,3
simd_mul_reduce,2001000,0.0012241260,3
seq_mul,2001000,0.0108221820,4
simd_mul,2001000,0.0015073910,4
seq_mul_reduce,2001000,0.0151431010,4
simd_mul_reduce,2001000,0.0010820330,4
seq_mul,2001000,0.0108176460,5
simd_mul,2001000,0.0014928850,5
seq_mul_reduce,2001000,0.0153363050,5
simd_mul_reduce,2001000,0.0010409700,5
seq_mul,2001000,0.0106046230,6
simd_mul,2001000,0.0016675230,6
seq_mul_reduce,2001000,0.0151445020,6
simd_mul_reduce,2001000,0.0010605740,6
seq_mul,2001000,0.0104544590,7
simd_mul,2001000,0.0015166800,7
seq_mul_reduce,2001000,0.0150764090,7
simd_mul_reduce,2001000,0.0010797460,7
seq_mul,2001000,0.0106920840,8
simd_mul,2001000,0.0016251820,8
seq_mul_reduce,2001000,0.0154591770,8
simd_mul_reduce,2001000,0.0010399780,8
seq_mul,2001000,0.0107207900,9
simd_mul,2001000,0.0014723470,9
seq_mul_reduce,2001000,0.0154638060,9
simd_mul_reduce,2001000,0.0010657850,9
seq_mul,3001000,0.0156965120,0
simd_mul,3001000,0.0025558030,0
seq_mul_reduce,3001000,0.0232525810,0
simd_mul_reduce,3001000,0.0016224220,0
seq_mul,3001000,0.0159515270,1
simd_mul,3001000,0.0025447320,1
seq_mul_reduce,3001000,0.0230769050,1
simd_mul_reduce,3001000,0.0015754380,1
seq_mul,3001000,0.0159188760,2
simd_mul,3001000,0.0032984950,2
seq_mul_reduce,3001000,0.0232873750,2
simd_mul_reduce,3001000,0.0017672880,2
seq_mul,3001000,0.0165517730,3
simd_mul,3001000,0.0029320890,3
seq_mul_reduce,3001000,0.0226367190,3
simd_mul_reduce,3001000,0.0015679680,3
seq_mul,3001000,0.0155552400,4
simd_mul,3001000,0.0021924590,4
seq_mul_reduce,3001000,0.0226414970,4
simd_mul_reduce,3001000,0.0015716040,4
seq_mul,3001000,0.0258374950,5
simd_mul,3001000,0.0038043730,5
seq_mul_reduce,3001000,0.0433876680,5
simd_mul_reduce,3001000,0.0029872260,5
seq_mul,3001000,0.0279135100,6
simd_mul,3001000,0.0037971950,6
seq_mul_reduce,3001000,0.0435156940,6
simd_mul_reduce,3001000,0.0029911690,6
seq_mul,3001000,0.0282919010,7
simd_mul,3001000,0.0038620720,7
seq_mul_reduce,3001000,0.0436945920,7
simd_mul_reduce,3001000,0.0029913060,7
seq_mul,3001000,0.0287506840,8
simd_mul,3001000,0.0040398660,8
seq_mul_reduce,3001000,0.0450514950,8
simd_mul_reduce,3001000,0.0030059460,8
seq_mul,3001000,0.0288251120,9
simd_mul,3001000,0.0038980580,9
seq_mul_reduce,3001000,0.0442218990,9
simd_mul_reduce,3001000,0.0030582570,9
seq_mul,4001000,0.0378431960,0
simd_mul,4001000,0.0053818480,0
seq_mul_reduce,4001000,0.0587457860,0
simd_mul_reduce,4001000,0.0039687020,0
seq_mul,4001000,0.0213044350,1
simd_mul,4001000,0.0036640680,1
seq_mul_reduce,4001000,0.0312604010,1
simd_mul_reduce,4001000,0.0021263340,1
seq_mul,4001000,0.0201370850,2
simd_mul,4001000,0.0030624210,2
seq_mul_reduce,4001000,0.0301936220,2
simd_mul_reduce,4001000,0.0021057620,2
seq_mul,4001000,0.0201310040,3
simd_mul,4001000,0.0030032090,3
seq_mul_reduce,4001000,0.0301488930,3
simd_mul_reduce,4001000,0.0021022830,3
seq_mul,4001000,0.0199549480,4
simd_mul,4001000,0.0030054660,4
seq_mul_reduce,4001000,0.0304571620,4
simd_mul_reduce,4001000,0.0021255250,4
seq_mul,4001000,0.0203618870,5
simd_mul,4001000,0.0030232340,5
seq_mul_reduce,4001000,0.0302851530,5
simd_mul_reduce,4001000,0.0021068460,5
seq_mul,4001000,0.0200358420,6
simd_mul,4001000,0.0030088350,6
seq_mul_reduce,4001000,0.0301752780,6
simd_mul_reduce,4001000,0.0021049170,6
seq_mul,4001000,0.0199509580,7
simd_mul,4001000,0.0029893680,7
seq_mul_reduce,4001000,0.0301656080,7
simd_mul_reduce,4001000,0.0021033890,7
seq_mul,4001000,0.0199146460,8
simd_mul,4001000,0.0033374350,8
seq_mul_reduce,4001000,0.0306533550,8
simd_mul_reduce,4001000,0.0021057020,8
seq_mul,4001000,0.0200723570,9
simd_mul,4001000,0.0030147010,9
seq_mul_reduce,4001000,0.0303670150,9
simd_mul_reduce,4001000,0.0021043210,9
seq_mul,5001000,0.0254056520,0
simd_mul,5001000,0.0038324760,0
seq_mul_reduce,5001000,0.0376879320,0
simd_mul_reduce,5001000,0.0026470710,0
seq_mul,5001000,0.0254815010,1
simd_mul,5001000,0.0037677670,1
seq_mul_reduce,5001000,0.0376880310,1
simd_mul_reduce,5001000,0.0026404580,1
seq_mul,5001000,0.0254601670,2
simd_mul,5001000,0.0037564210,2
seq_mul_reduce,5001000,0.0377759240,2
simd_mul_reduce,5001000,0.0026455620,2
seq_mul,5001000,0.0254950360,3
simd_mul,5001000,0.0037616040,3
seq_mul_reduce,5001000,0.0376924310,3
simd_mul_reduce,5001000,0.0026383970,3
seq_mul,5001000,0.0255571430,4
simd_mul,5001000,0.0037933110,4
seq_mul_reduce,5001000,0.0377960360,4
simd_mul_reduce,5001000,0.0026435500,4
seq_mul,5001000,0.0254713620,5
simd_mul,5001000,0.0037692970,5
seq_mul_reduce,5001000,0.0376917670,5
simd_mul_reduce,5001000,0.0026399050,5
seq_mul,5001000,0.0254545590,6
simd_mul,5001000,0.0037737440,6
seq_mul_reduce,5001000,0.0376988520,6
simd_mul_reduce,5001000,0.0026362750,6
seq_mul,5001000,0.0259699720,7
simd_mul,5001000,0.0046815040,7
seq_mul_reduce,5001000,0.0377570180,7
simd_mul_reduce,5001000,0.0026428830,7
seq_mul,5001000,0.0255856130,8
simd_mul,5001000,0.0044630250,8
seq_mul_reduce,5001000,0.0376911340,8
simd_mul_reduce,5001000,0.0026424050,8
seq_mul,5001000,0.0255973970,9
simd_mul,5001000,0.0044616960,9
seq_mul_reduce,5001000,0.0376910480,9
simd_mul_reduce,5001000,0.0026390630,9
seq_mul,6001000,0.0304380880,0
simd_mul,6001000,0.0058682590,0
seq_mul_reduce,6001000,0.0452226560,0
simd_mul_reduce,6001000,0.0031893350,0
seq_mul,6001000,0.0300653250,1
simd_mul,6001000,0.0054278580,1
seq_mul_reduce,6001000,0.0452449110,1
simd_mul_reduce,6001000,0.0031791740,1
seq_mul,6001000,0.0300403290,2
simd_mul,6001000,0.0054312750,2
seq_mul_reduce,6001000,0.0452738350,2
simd_mul_reduce,6001000,0.0031851270,2
seq_mul,6001000,0.0300777190,3
simd_mul,6001000,0.0054668030,3
seq_mul_reduce,6001000,0.0454437320,3
simd_mul_reduce,6001000,0.0031786090,3
seq_mul,6001000,0.0300748000,4
simd_mul,6001000,0.0054317870,4
seq_mul_reduce,6001000,0.0452737610,4
simd_mul_reduce,6001000,0.0031787900,4
seq_mul,6001000,0.0301069870,5
simd_mul,6001000,0.0055201500,5
seq_mul_reduce,6001000,0.0452549200,5
simd_mul_reduce,6001000,0.0031814210,5
seq_mul,6001000,0.0301241100,6
simd_mul,6001000,0.0055868340,6
seq_mul_reduce,6001000,0.0452497770,6
simd_mul_reduce,6001000,0.0031787150,6
seq_mul,6001000,0.0301446490,7
simd_mul,6001000,0.0054363530,7
seq_mul_reduce,6001000,0.0453022690,7
simd_mul_reduce,6001000,0.0031805770,7
seq_mul,6001000,0.0300957190,8
simd_mul,6001000,0.0049348410,8
seq_mul_reduce,6001000,0.0452774610,8
simd_mul_reduce,6001000,0.0031758980,8
seq_mul,6001000,0.0302256580,9
simd_mul,6001000,0.0049811450,9
seq_mul_reduce,6001000,0.0452734600,9
simd_mul_reduce,6001000,0.0031764250,9
seq_mul,7001000,0.0350141200,0
simd_mul,7001000,0.0059608030,0
seq_mul_reduce,7001000,0.0528122540,0
simd_mul_reduce,7001000,0.0037078660,0
seq_mul,7001000,0.0351010170,1
simd_mul,7001000,0.0056143670,1
seq_mul_reduce,7001000,0.0527908030,1
simd_mul_reduce,7001000,0.0037046230,1
seq_mul,7001000,0.0351037210,2
simd_mul,7001000,0.0056224530,2
seq_mul_reduce,7001000,0.0528047160,2
simd_mul_reduce,7001000,0.0037007120,2
seq_mul,7001000,0.0350777300,3
simd_mul,7001000,0.0053625490,3
seq_mul_reduce,7001000,0.0527928910,3
simd_mul_reduce,7001000,0.0037025350,3
seq_mul,7001000,0.0350649800,4
simd_mul,7001000,0.0053778840,4
seq_mul_reduce,7001000,0.0529663660,4
simd_mul_reduce,7001000,0.0037027360,4
seq_mul,7001000,0.0350811460,5
simd_mul,7001000,0.0052359380,5
seq_mul_reduce,7001000,0.0527888930,5
simd_mul_reduce,7001000,0.0037020150,5
seq_mul,7001000,0.0350739580,6
simd_mul,7001000,0.0052333500,6
seq_mul_reduce,7001000,0.0527974440,6
simd_mul_reduce,7001000,0.0037067780,6
seq_mul,7001000,0.0350759410,7
simd_mul,7001000,0.0052462970,7
seq_mul_reduce,7001000,0.0528272390,7
simd_mul_reduce,7001000,0.0037069660,7
seq_mul,7001000,0.0352875580,8
simd_mul,7001000,0.0052792960,8
seq_mul_reduce,7001000,0.0529482800,8
simd_mul_reduce,7001000,0.0037621290,8
seq_mul,7001000,0.0357822620,9
simd_mul,7001000,0.0054981720,9
seq_mul_reduce,7001000,0.0542929730,9
simd_mul_reduce,7001000,0.0038164270,9
seq_mul,8001000,0.0421400060,0
simd_mul,8001000,0.0082136000,0
seq_mul_reduce,8001000,0.0613549070,0
simd_mul_reduce,8001000,0.0043619690,0
seq_mul,8001000,0.0411037310,1
simd_mul,8001000,0.0074696320,1
seq_mul_reduce,8001000,0.0616613320,1
simd_mul_reduce,8001000,0.0043492590,1
seq_mul,8001000,0.0411025130,2
simd_mul,8001000,0.0076556310,2
seq_mul_reduce,8001000,0.0613789040,2
simd_mul_reduce,8001000,0.0042950690,2
seq_mul,8001000,0.0414623240,3
simd_mul,8001000,0.0087037620,3
seq_mul_reduce,8001000,0.0619275270,3
simd_mul_reduce,8001000,0.0044050720,3
seq_mul,8001000,0.0427203910,4
simd_mul,8001000,0.0064698900,4
seq_mul_reduce,8001000,0.0635433410,4
simd_mul_reduce,8001000,0.0067366270,4
seq_mul,8001000,0.0761484780,5
simd_mul,8001000,0.0108516520,5
seq_mul_reduce,8001000,0.1200516310,5
simd_mul_reduce,8001000,0.0084871170,5
seq_mul,8001000,0.0775704680,6
simd_mul,8001000,0.0111412860,6
seq_mul_reduce,8001000,0.1015100250,6
simd_mul_reduce,8001000,0.0043911360,6
seq_mul,8001000,0.0419521960,7
simd_mul,8001000,0.0068202570,7
seq_mul_reduce,8001000,0.0624766070,7
simd_mul_reduce,8001000,0.0043232730,7
seq_mul,8001000,0.0414256450,8
simd_mul,8001000,0.0067595700,8
seq_mul_reduce,8001000,0.0622993890,8
simd_mul_reduce,8001000,0.0043748450,8
seq_mul,8001000,0.0419750570,9
simd_mul,8001000,0.0068171900,9
seq_mul_reduce,8001000,0.0624520020,9
simd_mul_reduce,8001000,0.0043372410,9
seq_mul,9001000,0.0469455910,0
simd_mul,9001000,0.0076624750,0
seq_mul_reduce,9001000,0.0699218870,0
simd_mul_reduce,9001000,0.0050989540,0
seq_mul,9001000,0.0468436950,1
simd_mul,9001000,0.0081038830,1
seq_mul_reduce,9001000,0.0709166290,1
simd_mul_reduce,9001000,0.0049301440,1
seq_mul,9001000,0.0467748540,2
simd_mul,9001000,0.0073023060,2
seq_mul_reduce,9001000,0.0705101670,2
simd_mul_reduce,9001000,0.0049836840,2
seq_mul,9001000,0.0482887470,3
simd_mul,9001000,0.0084946230,3
seq_mul_reduce,9001000,0.0710588000,3
simd_mul_reduce,9001000,0.0050252830,3
seq_mul,9001000,0.0473361230,4
simd_mul,9001000,0.0079584040,4
seq_mul_reduce,9001000,0.0707043760,4
simd_mul_reduce,9001000,0.0049188960,4
seq_mul,9001000,0.0483718390,5
simd_mul,9001000,0.0096880660,5
seq_mul_reduce,9001000,0.1246475940,5
simd_mul_reduce,9001000,0.0093090620,5
seq_mul,9001000,0.0854018320,6
simd_mul,9001000,0.0127424760,6
seq_mul_reduce,9001000,0.1335027100,6
simd_mul_reduce,9001000,0.0090258320,6
seq_mul,9001000,0.0629103880,7
simd_mul,9001000,0.0070813760,7
seq_mul_reduce,9001000,0.0707009850,7
simd_mul_reduce,9001000,0.0050879370,7
seq_mul,9001000,0.0478308840,8
simd_mul,9001000,0.0092360820,8
seq_mul_reduce,9001000,0.0719939740,8
simd_mul_reduce,9001000,0.0052383340,8
seq_mul,9001000,0.0485513840,9
simd_mul,9001000,0.0086042100,9
seq_mul_reduce,9001000,0.0724678860,9
simd_mul_reduce,9001000,0.0052096700,9
seq_mul,10001000,0.0530718490,0
simd_mul,10001000,0.0096260490,0
seq_mul_reduce,10001000,0.0802850850,0
simd_mul_reduce,10001000,0.0054376140,0
seq_mul,10001000,0.0515435940,1
simd_mul,10001000,0.0097101770,1
seq_mul_reduce,10001000,0.0763887710,1
simd_mul_reduce,10001000,0.0052964930,1
seq_mul,10001000,0.0501765930,2
simd_mul,10001000,0.0080325970,2
seq_mul_reduce,10001000,0.0758046100,2
simd_mul_reduce,10001000,0.0055127650,2
seq_mul,10001000,0.0516710200,3
simd_mul,10001000,0.0080621490,3
seq_mul_reduce,10001000,0.0760188330,3
simd_mul_reduce,10001000,0.0052988300,3
seq_mul,10001000,0.0503898910,4
simd_mul,10001000,0.0077603540,4
seq_mul_reduce,10001000,0.0762345350,4
simd_mul_reduce,10001000,0.0055929210,4
seq_mul,10001000,0.0520889280,5
simd_mul,10001000,0.0079123330,5
seq_mul_reduce,10001000,0.0764565580,5
simd_mul_reduce,10001000,0.0052913760,5
seq_mul,10001000,0.0505795050,6
simd_mul,10001000,0.0077327980,6
seq_mul_reduce,10001000,0.0772546150,6
simd_mul_reduce,10001000,0.0053513310,6
seq_mul,10001000,0.0501226480,7
simd_mul,10001000,0.0077449970,7
seq_mul_reduce,10001000,0.0757778850,7
simd_mul_reduce,10001000,0.0052985490,7
seq_mul,10001000,0.0504580590,8
simd_mul,10001000,0.0080206720,8
seq_mul_reduce,10001000,0.0780721820,8
simd_mul_reduce,10001000,0.0055436470,8
seq_mul,10001000,0.0518392570,9
simd_mul,10001000,0.0103651980,9
seq_mul_reduce,10001000,0.0791754160,9
simd_mul_reduce,10001000,0.0055383510,9
seq_mul,11001000,0.0567428160,0
simd_mul,11001000,0.0091320500,0
seq_mul_reduce,11001000,0.0853750760,0
simd_mul_reduce,11001000,0.0059711850,0
seq_mul,11001000,0.0558587000,1
simd_mul,11001000,0.0082218340,1
seq_mul_reduce,11001000,0.0834416910,1
simd_mul_reduce,11001000,0.0057766450,1
seq_mul,11001000,0.0550935880,2
simd_mul,11001000,0.0080951790,2
seq_mul_reduce,11001000,0.0831811240,2
simd_mul_reduce,11001000,0.0057761170,2
seq_mul,11001000,0.0549368040,3
simd_mul,11001000,0.0080160940,3
seq_mul_reduce,11001000,0.0829681250,3
simd_mul_reduce,11001000,0.0057964990,3
seq_mul,11001000,0.0551209860,4
simd_mul,11001000,0.0080920740,4
seq_mul_reduce,11001000,0.0856870690,4
simd_mul_reduce,11001000,0.0058416250,4
seq_mul,11001000,0.0550016350,5
simd_mul,11001000,0.0084074180,5
seq_mul_reduce,11001000,0.0830395780,5
simd_mul_reduce,11001000,0.0057948340,5
seq_mul,11001000,0.0550337490,6
simd_mul,11001000,0.0080552050,6
seq_mul_reduce,11001000,0.0830747260,6
simd_mul_reduce,11001000,0.0057860600,6
seq_mul,11001000,0.0570367270,7
simd_mul,11001000,0.0095813000,7
seq_mul_reduce,11001000,0.0850716850,7
simd_mul_reduce,11001000,0.0057772800,7
seq_mul,11001000,0.0550435660,8
simd_mul,11001000,0.0080636400,8
seq_mul_reduce,11001000,0.0833768530,8
simd_mul_reduce,11001000,0.0059373230,8
seq_mul,11001000,0.0568690590,9
simd_mul,11001000,0.0085937600,9
seq_mul_reduce,11001000,0.0858729010,9
simd_mul_reduce,11001000,0.0059780540,9
seq_mul,12001000,0.0623306010,0
simd_mul,12001000,0.0122682980,0
seq_mul_reduce,12001000,0.0940974270,0
simd_mul_reduce,12001000,0.0065990270,0
seq_mul,12001000,0.0626963900,1
simd_mul,12001000,0.0096635180,1
seq_mul_reduce,12001000,0.0940307550,1
simd_mul_reduce,12001000,0.0066014260,1
seq_mul,12001000,0.0618412800,2
simd_mul,12001000,0.0121441320,2
seq_mul_reduce,12001000,0.0916434930,2
simd_mul_reduce,12001000,0.0063976520,2
seq_mul,12001000,0.0600574300,3
simd_mul,12001000,0.0115813280,3
seq_mul_reduce,12001000,0.0923112370,3
simd_mul_reduce,12001000,0.0066341970,3
seq_mul,12001000,0.0616710130,4
simd_mul,12001000,0.0119829670,4
seq_mul_reduce,12001000,0.0924709370,4
simd_mul_reduce,12001000,0.0064879350,4
seq_mul,12001000,0.0613377030,5
simd_mul,12001000,0.0118784410,5
seq_mul_reduce,12001000,0.0925781540,5
simd_mul_reduce,12001000,0.0065449800,5
seq_mul,12001000,0.0612267810,6
simd_mul,12001000,0.0118290390,6
seq_mul_reduce,12001000,0.0934338500,6
simd_mul_reduce,12001000,0.0067092710,6
seq_mul,12001000,0.0601311260,7
simd_mul,12001000,0.0101086430,7
seq_mul_reduce,12001000,0.0907191130,7
simd_mul_reduce,12001000,0.0065967210,7
seq_mul,12001000,0.0612672650,8
simd_mul,12001000,0.0102593370,8
seq_mul_reduce,12001000,0.0924266110,8
simd_mul_reduce,12001000,0.0065114790,8
seq_mul,12001000,0.0613448360,9
simd_mul,12001000,0.0103175760,9
seq_mul_reduce,12001000,0.0929997690,9
simd_mul_reduce,12001000,0.0064453470,9
seq_mul,13001000,0.0664079670,0
simd_mul,13001000,0.0113830720,0
seq_mul_reduce,13001000,0.1004144850,0
simd_mul_reduce,13001000,0.0070999850,0
seq_mul,13001000,0.0661979900,1
simd_mul,13001000,0.0103368740,1
seq_mul_reduce,13001000,0.0980204920,1
simd_mul_reduce,13001000,0.0068859600,1
seq_mul,13001000,0.0653612260,2
simd_mul,13001000,0.0103160770,2
seq_mul_reduce,13001000,0.1004687930,2
simd_mul_reduce,13001000,0.0069989230,2
seq_mul,13001000,0.0662707470,3
simd_mul,13001000,0.0109695640,3
seq_mul_reduce,13001000,0.1016736440,3
simd_mul_reduce,13001000,0.0070965180,3
seq_mul,13001000,0.0666772220,4
simd_mul,13001000,0.0129291670,4
seq_mul_reduce,13001000,0.1003645010,4
simd_mul_reduce,13001000,0.0070602920,4
seq_mul,13001000,0.0673358740,5
simd_mul,13001000,0.0103346000,5
seq_mul_reduce,13001000,0.0987527650,5
simd_mul_reduce,13001000,0.0069085990,5
seq_mul,13001000,0.0650246990,6
simd_mul,13001000,0.0102429020,6
seq_mul_reduce,13001000,0.1002888540,6
simd_mul_reduce,13001000,0.0070340430,6
seq_mul,13001000,0.0662718210,7
simd_mul,13001000,0.0103329350,7
seq_mul_reduce,13001000,0.1011566410,7
simd_mul_reduce,13001000,0.0071934020,7
seq_mul,13001000,0.0673696810,8
simd_mul,13001000,0.0101764950,8
seq_mul_reduce,13001000,0.0992520430,8
simd_mul_reduce,13001000,0.0069628680,8
seq_mul,13001000,0.0656627940,9
simd_mul,13001000,0.0100889660,9
seq_mul_reduce,13001000,0.1000975010,9
simd_mul_reduce,13001000,0.0069887800,9
seq_mul,14001000,0.0727286000,0
simd_mul,14001000,0.0118179900,0
seq_mul_reduce,14001000,0.1117940720,0
simd_mul_reduce,14001000,0.0078420670,0
seq_mul,14001000,0.0725165480,1
simd_mul,14001000,0.0140692780,1
seq_mul_reduce,14001000,0.1107151210,1
simd_mul_reduce,14001000,0.0080594080,1
seq_mul,14001000,0.0722114090,2
simd_mul,14001000,0.0116291860,2
seq_mul_reduce,14001000,0.1068300680,2
simd_mul_reduce,14001000,0.0074957990,2
seq_mul,14001000,0.0705742180,3
simd_mul,14001000,0.0111549210,3
seq_mul_reduce,14001000,0.1077566550,3
simd_mul_reduce,14001000,0.0075237420,3
seq_mul,14001000,0.0715239410,4
simd_mul,14001000,0.0137516780,4
seq_mul_reduce,14001000,0.1105506220,4
simd_mul_reduce,14001000,0.0074434350,4
seq_mul,14001000,0.0708219050,5
simd_mul,14001000,0.0119193960,5
seq_mul_reduce,14001000,0.1056781560,5
simd_mul_reduce,14001000,0.0074152560,5
seq_mul,14001000,0.0696667870,6
simd_mul,14001000,0.0107901130,6
seq_mul_reduce,14001000,0.1056574250,6
simd_mul_reduce,14001000,0.0074385220,6
seq_mul,14001000,0.0698401980,7
simd_mul,14001000,0.0108788710,7
seq_mul_reduce,14001000,0.1058124810,7
simd_mul_reduce,14001000,0.0074565270,7
seq_mul,14001000,0.0699895400,8
simd_mul,14001000,0.0107841070,8
seq_mul_reduce,14001000,0.1058764620,8
simd_mul_reduce,14001000,0.0074148940,8
seq_mul,14001000,0.0697092710,9
simd_mul,14001000,0.0107619900,9
seq_mul_reduce,14001000,0.1058434760,9
simd_mul_reduce,14001000,0.0074086110,9
seq_mul,15001000,0.0751570150,0
simd_mul,15001000,0.0120268330,0
seq_mul_reduce,15001000,0.1149154730,0
simd_mul_reduce,15001000,0.0079327440,0
seq_mul,15001000,0.0751408110,1
simd_mul,15001000,0.0116100840,1
seq_mul_reduce,15001000,0.1143484930,1
simd_mul_reduce,15001000,0.0079330280,1
seq_mul,15001000,0.0749466420,2
simd_mul,15001000,0.0115542190,2
seq_mul_reduce,15001000,0.1137765620,2
simd_mul_reduce,15001000,0.0079583540,2
seq_mul,15001000,0.0750460160,3
simd_mul,15001000,0.0115876950,3
seq_mul_reduce,15001000,0.1133962350,3
simd_mul_reduce,15001000,0.0079457530,3
seq_mul,15001000,0.0756722310,4
simd_mul,15001000,0.0145355420,4
seq_mul_reduce,15001000,0.1131753210,4
simd_mul_reduce,15001000,0.0079951700,4
seq_mul,15001000,0.0752840650,5
simd_mul,15001000,0.0137866980,5
seq_mul_reduce,15001000,0.1154731920,5
simd_mul_reduce,15001000,0.0079335160,5
seq_mul,15001000,0.0756409920,6
simd_mul,15001000,0.0115963000,6
seq_mul_reduce,15001000,0.1131831940,6
simd_mul_reduce,15001000,0.0079331840,6
seq_mul,15001000,0.0749010940,7
simd_mul,15001000,0.0115418230,7
seq_mul_reduce,15001000,0.1133369250,7
simd_mul_reduce,15001000,0.0079653840,7
seq_mul,15001000,0.0754488150,8
simd_mul,15001000,0.0117581670,8
seq_mul_reduce,15001000,0.1146297240,8
simd_mul_reduce,15001000,0.0080600930,8
seq_mul,15001000,0.0752151330,9
simd_mul,15001000,0.0115184550,9
seq_mul_reduce,15001000,0.1137454590,9
simd_mul_reduce,15001000,0.0080120810,9
seq_mul,16001000,0.0809660320,0
simd_mul,16001000,0.0129252680,0
seq_mul_reduce,16001000,0.1254595570,0
simd_mul_reduce,16001000,0.0093949500,0
seq_mul,16001000,0.0842532660,1
simd_mul,16001000,0.0152970230,1
seq_mul_reduce,16001000,0.1252335920,1
simd_mul_reduce,16001000,0.0084824300,1
seq_mul,16001000,0.1125383610,2
simd_mul,16001000,0.0214185140,2
seq_mul_reduce,16001000,0.2337637950,2
simd_mul_reduce,16001000,0.0160325930,2
seq_mul,16001000,0.1461034920,3
simd_mul,16001000,0.0171768470,3
seq_mul_reduce,16001000,0.1215177750,3
simd_mul_reduce,16001000,0.0085826640,3
seq_mul,16001000,0.0805184880,4
simd_mul,16001000,0.0124475570,4
seq_mul_reduce,16001000,0.1211749130,4
simd_mul_reduce,16001000,0.0084658950,4
seq_mul,16001000,0.0799291310,5
simd_mul,16001000,0.0132902890,5
seq_mul_reduce,16001000,0.1210517980,5
simd_mul_reduce,16001000,0.0085143580,5
seq_mul,16001000,0.0797724060,6
simd_mul,16001000,0.0123200640,6
seq_mul_reduce,16001000,0.1211930820,6
simd_mul_reduce,16001000,0.0084872360,6
seq_mul,16001000,0.0797611810,7
simd_mul,16001000,0.0126359100,7
seq_mul_reduce,16001000,0.1209394250,7
simd_mul_reduce,16001000,0.0084992450,7
seq_mul,16001000,0.0798895610,8
simd_mul,16001000,0.0123459370,8
seq_mul_reduce,16001000,0.1207595490,8
simd_mul_reduce,16001000,0.0089003620,8
seq_mul,16001000,0.0806169820,9
simd_mul,16001000,0.0123698760,9
seq_mul_reduce,16001000,0.1205551350,9
simd_mul_reduce,16001000,0.0084633860,9
seq_mul,17001000,0.0846310390,0
simd_mul,17001000,0.0131260300,0
seq_mul_reduce,17001000,0.1282368870,0
simd_mul_reduce,17001000,0.0090378240,0
seq_mul,17001000,0.0846130390,1
simd_mul,17001000,0.0132274800,1
seq_mul_reduce,17001000,0.1282799710,1
simd_mul_reduce,17001000,0.0090835140,1
seq_mul,17001000,0.0848777810,2
simd_mul,17001000,0.0131894760,2
seq_mul_reduce,17001000,0.1281891810,2
simd_mul_reduce,17001000,0.0090199630,2
seq_mul,17001000,0.0845335250,3
simd_mul,17001000,0.0131557760,3
seq_mul_reduce,17001000,0.1281525170,3
simd_mul_reduce,17001000,0.0090200980,3
seq_mul,17001000,0.0844873300,4
simd_mul,17001000,0.0133982750,4
seq_mul_reduce,17001000,0.1281541310,4
simd_mul_reduce,17001000,0.0090216090,4
seq_mul,17001000,0.0845419120,5
simd_mul,17001000,0.0131552680,5
seq_mul_reduce,17001000,0.1283011990,5
simd_mul_reduce,17001000,0.0090158890,5
seq_mul,17001000,0.0845271370,6
simd_mul,17001000,0.0131433740,6
seq_mul_reduce,17001000,0.1283773620,6
simd_mul_reduce,17001000,0.0090243750,6
seq_mul,17001000,0.0845108190,7
simd_mul,17001000,0.0131644000,7
seq_mul_reduce,17001000,0.1283192700,7
simd_mul_reduce,17001000,0.0090618390,7
seq_mul,17001000,0.0846758680,8
simd_mul,17001000,0.0133966440,8
seq_mul_reduce,17001000,0.1284874330,8
simd_mul_reduce,17001000,0.0090218140,8
seq_mul,17001000,0.0845964940,9
simd_mul,17001000,0.0132094510,9
seq_mul_reduce,17001000,0.1284478970,9
simd_mul_reduce,17001000,0.0090274890,9
seq_mul,18001000,0.0894864560,0
simd_mul,18001000,0.0177306700,0
seq_mul_reduce,18001000,0.1360592670,0
simd_mul_reduce,18001000,0.0096103510,0
seq_mul,18001000,0.0894935370,1
simd_mul,18001000,0.0150585250,1
seq_mul_reduce,18001000,0.1358624230,1
simd_mul_reduce,18001000,0.0095859870,1
seq_mul,18001000,0.0894885990,2
simd_mul,18001000,0.0150599610,2
seq_mul_reduce,18001000,0.1360077260,2
simd_mul_reduce,18001000,0.0095519600,2
seq_mul,18001000,0.0894395020,3
simd_mul,18001000,0.0142318480,3
seq_mul_reduce,18001000,0.1359562510,3
simd_mul_reduce,18001000,0.0095576550,3
seq_mul,18001000,0.0895093920,4
simd_mul,18001000,0.0144294030,4
seq_mul_reduce,18001000,0.1360466620,4
simd_mul_reduce,18001000,0.0095388970,4
seq_mul,18001000,0.0894083990,5
simd_mul,18001000,0.0138776990,5
seq_mul_reduce,18001000,0.1358924520,5
simd_mul_reduce,18001000,0.0095396520,5
seq_mul,18001000,0.0894300800,6
simd_mul,18001000,0.0138523180,6
seq_mul_reduce,18001000,0.1360330670,6
simd_mul_reduce,18001000,0.0095252990,6
seq_mul,18001000,0.0894251180,7
simd_mul,18001000,0.0138184590,7
seq_mul_reduce,18001000,0.1358243250,7
simd_mul_reduce,18001000,0.0095583420,7
seq_mul,18001000,0.0895359620,8
simd_mul,18001000,0.0138436050,8
seq_mul_reduce,18001000,0.1363913280,8
simd_mul_reduce,18001000,0.0095342320,8
seq_mul,18001000,0.0893902100,9
simd_mul,18001000,0.0138912330,9
seq_mul_reduce,18001000,0.1358330560,9
simd_mul_reduce,18001000,0.0095238060,9
seq_mul,19001000,0.0946373140,0
simd_mul,19001000,0.0146053170,0
seq_mul_reduce,19001000,0.1435643850,0
simd_mul_reduce,19001000,0.0100993640,0
seq_mul,19001000,0.0946269590,1
simd_mul,19001000,0.0146694900,1
seq_mul_reduce,19001000,0.1433773910,1
simd_mul_reduce,19001000,0.0101855250,1
seq_mul,19001000,0.0948385620,2
simd_mul,19001000,0.0146583400,2
seq_mul_reduce,19001000,0.1435778280,2
simd_mul_reduce,19001000,0.0100707520,2
seq_mul,19001000,0.0946189390,3
simd_mul,19001000,0.0146637370,3
seq_mul_reduce,19001000,0.1437310580,3
simd_mul_reduce,19001000,0.0100561330,3
seq_mul,19001000,0.0946058290,4
simd_mul,19001000,0.0146134690,4
seq_mul_reduce,19001000,0.1435552700,4
simd_mul_reduce,19001000,0.0100699630,4
seq_mul,19001000,0.0947493850,5
simd_mul,19001000,0.0147264760,5
seq_mul_reduce,19001000,0.1438749300,5
simd_mul_reduce,19001000,0.0101657810,5
seq_mul,19001000,0.0947902860,6
simd_mul,19001000,0.0182866740,6
seq_mul_reduce,19001000,0.1433647680,6
simd_mul_reduce,19001000,0.0101441280,6
seq_mul,19001000,0.0947334270,7
simd_mul,19001000,0.0185744800,7
seq_mul_reduce,19001000,0.1433383920,7
simd_mul_reduce,19001000,0.0101439410,7
seq_mul,19001000,0.0948969040,8
simd_mul,19001000,0.0162114410,8
seq_mul_reduce,19001000,0.1433250240,8
simd_mul_reduce,19001000,0.0101042550,8
seq_mul,19001000,0.0945978380,9
simd_mul,19001000,0.0147914360,9
seq_mul_reduce,19001000,0.1434709460,9
simd_mul_reduce,19001000,0.0100614570,9
seq_mul,20001000,0.0996608550,0
simd_mul,20001000,0.0158755680,0
seq_mul_reduce,20001000,0.1508949030,0
simd_mul_reduce,20001000,0.0106142410,0
seq_mul,20001000,0.0996484820,1
simd_mul,20001000,0.0160006050,1
seq_mul_reduce,20001000,0.1510305330,1
simd_mul_reduce,20001000,0.0106260450,1
seq_mul,20001000,0.0994744500,2
simd_mul,20001000,0.0155076370,2
seq_mul_reduce,20001000,0.1508743710,2
simd_mul_reduce,20001000,0.0106091780,2
seq_mul,20001000,0.0994305010,3
simd_mul,20001000,0.0155210460,3
seq_mul_reduce,20001000,0.1517968730,3
simd_mul_reduce,20001000,0.0106878670,3
seq_mul,20001000,0.0995926050,4
simd_mul,20001000,0.0199897320,4
seq_mul_reduce,20001000,0.1508860510,4
simd_mul_reduce,20001000,0.0106820310,4
seq_mul,20001000,0.0994534600,5
simd_mul,20001000,0.0174179150,5
seq_mul_reduce,20001000,0.1510599460,5
simd_mul_reduce,20001000,0.0106037070,5
seq_mul,20001000,0.0994842080,6
simd_mul,20001000,0.0160311330,6
seq_mul_reduce,20001000,0.1508682770,6
simd_mul_reduce,20001000,0.0106062590,6
seq_mul,20001000,0.0998389240,7
simd_mul,20001000,0.0154881970,7
seq_mul_reduce,20001000,0.1508635440,7
simd_mul_reduce,20001000,0.0106216120,7
seq_mul,20001000,0.0994350360,8
simd_mul,20001000,0.0155111330,8
seq_mul_reduce,20001000,0.1508664100,8
simd_mul_reduce,20001000,0.0106299330,8
seq_mul,20001000,0.0996458890,9
simd_mul,20001000,0.0154618570,9
seq_mul_reduce,20001000,0.1508838000,9
simd_mul_reduce,20001000,0.0106371250,9
seq_mul,21001000,0.1043799270,0
simd_mul,21001000,0.0162473850,0
seq_mul_reduce,21001000,0.1587824640,0
simd_mul_reduce,21001000,0.0110688810,0
seq_mul,21001000,0.1048778280,1
simd_mul,21001000,0.0207730280,1
seq_mul_reduce,21001000,0.1584201980,1
simd_mul_reduce,21001000,0.0110710930,1
seq_mul,21001000,0.1045832090,2
simd_mul,21001000,0.0208127710,2
seq_mul_reduce,21001000,0.1585908370,2
simd_mul_reduce,21001000,0.0110775300,2
seq_mul,21001000,0.1045052340,3
simd_mul,21001000,0.0206670350,3
seq_mul_reduce,21001000,0.1586485450,3
simd_mul_reduce,21001000,0.0110692490,3
seq_mul,21001000,0.1047494720,4
simd_mul,21001000,0.0168391730,4
seq_mul_reduce,21001000,0.1584177330,4
simd_mul_reduce,21001000,0.0110693490,4
seq_mul,21001000,0.1043808520,5
simd_mul,21001000,0.0166742530,5
seq_mul_reduce,21001000,0.1586101070,5
simd_mul_reduce,21001000,0.0110889530,5
seq_mul,21001000,0.1043398970,6
simd_mul,21001000,0.0162506810,6
seq_mul_reduce,21001000,0.1584200120,6
simd_mul_reduce,21001000,0.0110717890,6
seq_mul,21001000,0.1043796950,7
simd_mul,21001000,0.0162579080,7
seq_mul_reduce,21001000,0.1588990590,7
simd_mul_reduce,21001000,0.0115140940,7
seq_mul,21001000,0.1050059730,8
simd_mul,21001000,0.0208458610,8
seq_mul_reduce,21001000,0.1584017680,8
simd_mul_reduce,21001000,0.0110626150,8
seq_mul,21001000,0.1055614610,9
simd_mul,21001000,0.0207423910,9
seq_mul_reduce,21001000,0.1584628410,9
simd_mul_reduce,21001000,0.0110634680,9
seq_mul,22001000,0.1093299830,0
simd_mul,22001000,0.0165121150,0
seq_mul_reduce,22001000,0.1659488460,0
simd_mul_reduce,22001000,0.0115481290,0
seq_mul,22001000,0.1095816090,1
simd_mul,22001000,0.0166531340,1
seq_mul_reduce,22001000,0.1659353240,1
simd_mul_reduce,22001000,0.0115437600,1
seq_mul,22001000,0.1093234770,2
simd_mul,22001000,0.0165431090,2
seq_mul_reduce,22001000,0.1661255630,2
simd_mul_reduce,22001000,0.0115272590,2
seq_mul,22001000,0.1093042500,3
simd_mul,22001000,0.0163723070,3
seq_mul_reduce,22001000,0.1659386320,3
simd_mul_reduce,22001000,0.0115219100,3
seq_mul,22001000,0.1095017050,4
simd_mul,22001000,0.0163853480,4
seq_mul_reduce,22001000,0.1667079590,4
simd_mul_reduce,22001000,0.0115871420,4
seq_mul,22001000,0.1092472920,5
simd_mul,22001000,0.0167349140,5
seq_mul_reduce,22001000,0.1675034670,5
simd_mul_reduce,22001000,0.0115556070,5
seq_mul,22001000,0.1092140840,6
simd_mul,22001000,0.0163466990,6
seq_mul_reduce,22001000,0.1659941100,6
simd_mul_reduce,22001000,0.0115513290,6
seq_mul,22001000,0.1092662450,7
simd_mul,22001000,0.0163445570,7
seq_mul_reduce,22001000,0.1662800270,7
simd_mul_reduce,22001000,0.0115488340,7
seq_mul,22001000,0.1092775330,8
simd_mul,22001000,0.0163672660,8
seq_mul_reduce,22001000,0.1660078150,8
simd_mul_reduce,22001000,0.0115509440,8
seq_mul,22001000,0.1096221100,9
simd_mul,22001000,0.0163634700,9
seq_mul_reduce,22001000,0.1659593170,9
simd_mul_reduce,22001000,0.0115433440,9
seq_mul,23001000,0.1140261450,0
simd_mul,23001000,0.0179834180,0
seq_mul_reduce,23001000,0.1737462390,0
simd_mul_reduce,23001000,0.0121991370,0
seq_mul,23001000,0.1145694240,1
simd_mul,23001000,0.0227123010,1
seq_mul_reduce,23001000,0.1735314840,1
simd_mul_reduce,23001000,0.0122983320,1
seq_mul,23001000,0.1141744020,2
simd_mul,23001000,0.0204888040,2
seq_mul_reduce,23001000,0.1734959790,2
simd_mul_reduce,23001000,0.0122847780,2
seq_mul,23001000,0.1142798710,3
simd_mul,23001000,0.0230760420,3
seq_mul_reduce,23001000,0.1737939810,3
simd_mul_reduce,23001000,0.0123317450,3
seq_mul,23001000,0.1141735140,4
simd_mul,23001000,0.0199290840,4
seq_mul_reduce,23001000,0.1739667520,4
simd_mul_reduce,23001000,0.0122920570,4
seq_mul,23001000,0.1143489700,5
simd_mul,23001000,0.0195557520,5
seq_mul_reduce,23001000,0.1737800210,5
simd_mul_reduce,23001000,0.0122685390,5
seq_mul,23001000,0.1141874470,6
simd_mul,23001000,0.0179396590,6
seq_mul_reduce,23001000,0.1735345000,6
simd_mul_reduce,23001000,0.0121959760,6
seq_mul,23001000,0.1142645580,7
simd_mul,23001000,0.0179445890,7
seq_mul_reduce,23001000,0.1741127350,7
simd_mul_reduce,23001000,0.0122863330,7
seq_mul,23001000,0.1159310680,8
simd_mul,23001000,0.0233972260,8
seq_mul_reduce,23001000,0.1737422690,8
simd_mul_reduce,23001000,0.0122648250,8
seq_mul,23001000,0.1140446770,9
simd_mul,23001000,0.0184331460,9
seq_mul_reduce,23001000,0.1735183460,9
simd_mul_reduce,23001000,0.0122138940,9
seq_mul,24001000,0.1193777370,0
simd_mul,24001000,0.0187112280,0
seq_mul_reduce,24001000,0.1821881140,0
simd_mul_reduce,24001000,0.0128633620,0
seq_mul,24001000,0.1202314820,1
simd_mul,24001000,0.0232220470,1
seq_mul_reduce,24001000,0.1829217470,1
simd_mul_reduce,24001000,0.0128600870,1
seq_mul,24001000,0.1192581050,2
simd_mul,24001000,0.0185629010,2
seq_mul_reduce,24001000,0.1810424450,2
simd_mul_reduce,24001000,0.0127350970,2
seq_mul,24001000,0.1194202040,3
simd_mul,24001000,0.0185617940,3
seq_mul_reduce,24001000,0.1816582520,3
simd_mul_reduce,24001000,0.0128120870,3
seq_mul,24001000,0.1198138620,4
simd_mul,24001000,0.0234505350,4
seq_mul_reduce,24001000,0.1812129420,4
simd_mul_reduce,24001000,0.0128239980,4
seq_mul,24001000,0.1192876570,5
simd_mul,24001000,0.0232856570,5
seq_mul_reduce,24001000,0.1810340650,5
simd_mul_reduce,24001000,0.0128228480,5
seq_mul,24001000,0.1193321960,6
simd_mul,24001000,0.0207783880,6
seq_mul_reduce,24001000,0.1811787290,6
simd_mul_reduce,24001000,0.0127455980,6
seq_mul,24001000,0.1191257170,7
simd_mul,24001000,0.0191804750,7
seq_mul_reduce,24001000,0.1812514810,7
simd_mul_reduce,24001000,0.0127414700,7
seq_mul,24001000,0.1190837430,8
simd_mul,24001000,0.0186041050,8
seq_mul_reduce,24001000,0.1810565540,8
simd_mul_reduce,24001000,0.0127503600,8
seq_mul,24001000,0.1193393100,9
simd_mul,24001000,0.0186032000,9
seq_mul_reduce,24001000,0.1813097820,9
simd_mul_reduce,24001000,0.0132050300,9
seq_mul,25001000,0.1250452760,0
simd_mul,25001000,0.0242113800,0
seq_mul_reduce,25001000,0.1887579110,0
simd_mul_reduce,25001000,0.0135445860,0
seq_mul,25001000,0.1242708120,1
simd_mul,25001000,0.0197530020,1
seq_mul_reduce,25001000,0.1886174040,1
simd_mul_reduce,25001000,0.0135046950,1
seq_mul,25001000,0.1244030420,2
simd_mul,25001000,0.0197726870,2
seq_mul_reduce,25001000,0.1887343920,2
simd_mul_reduce,25001000,0.0135180070,2
seq_mul,25001000,0.1242270790,3
simd_mul,25001000,0.0197936430,3
seq_mul_reduce,25001000,0.1887900820,3
simd_mul_reduce,25001000,0.0134699630,3
seq_mul,25001000,0.1241654150,4
simd_mul,25001000,0.0194177980,4
seq_mul_reduce,25001000,0.1888219310,4
simd_mul_reduce,25001000,0.0134787090,4
seq_mul,25001000,0.1241498540,5
simd_mul,25001000,0.0194415590,5
seq_mul_reduce,25001000,0.1892258170,5
simd_mul_reduce,25001000,0.0136777800,5
seq_mul,25001000,0.1242704100,6
simd_mul,25001000,0.0196195570,6
seq_mul_reduce,25001000,0.1886176150,6
simd_mul_reduce,25001000,0.0134626480,6
seq_mul,25001000,0.1241185310,7
simd_mul,25001000,0.0194099120,7
seq_mul_reduce,25001000,0.1887979420,7
simd_mul_reduce,25001000,0.0135026100,7
seq_mul,25001000,0.1241214430,8
simd_mul,25001000,0.0194099390,8
seq_mul_reduce,25001000,0.1888895070,8
simd_mul_reduce,25001000,0.0135120350,8
seq_mul,25001000,0.1244604230,9
simd_mul,25001000,0.0193845700,9
seq_mul_reduce,25001000,0.1885779330,9
simd_mul_reduce,25001000,0.0134861730,9
seq_mul,26001000,0.1297175840,0
simd_mul,26001000,0.0201341230,0
seq_mul_reduce,26001000,0.1963140400,0
simd_mul_reduce,26001000,0.0140183320,0
seq_mul,26001000,0.1293935600,1
simd_mul,26001000,0.0201544000,1
seq_mul_reduce,26001000,0.1966879530,1
simd_mul_reduce,26001000,0.0140058420,1
seq_mul,26001000,0.1296138990,2
simd_mul,26001000,0.0201598490,2
seq_mul_reduce,26001000,0.1961051620,2
simd_mul_reduce,26001000,0.0140070400,2
seq_mul,26001000,0.1294805940,3
simd_mul,26001000,0.0201630460,3
seq_mul_reduce,26001000,0.1963091910,3
simd_mul_reduce,26001000,0.0140082310,3
seq_mul,26001000,0.1295240110,4
simd_mul,26001000,0.0201572370,4
seq_mul_reduce,26001000,0.1964580520,4
simd_mul_reduce,26001000,0.0140349660,4
seq_mul,26001000,0.1293764830,5
simd_mul,26001000,0.0201267090,5
seq_mul_reduce,26001000,0.1961510360,5
simd_mul_reduce,26001000,0.0140084420,5
seq_mul,26001000,0.1295738720,6
simd_mul,26001000,0.0201509950,6
seq_mul_reduce,26001000,0.1961058300,6
simd_mul_reduce,26001000,0.0140130610,6
seq_mul,26001000,0.1299774750,7
simd_mul,26001000,0.0255698260,7
seq_mul_reduce,26001000,0.1963105630,7
simd_mul_reduce,26001000,0.0140759180,7
seq_mul,26001000,0.1293796140,8
simd_mul,26001000,0.0220933040,8
seq_mul_reduce,26001000,0.1961657100,8
simd_mul_reduce,26001000,0.0142359480,8
seq_mul,26001000,0.1293654820,9
simd_mul,26001000,0.0203864520,9
seq_mul_reduce,26001000,0.1961157870,9
simd_mul_reduce,26001000,0.0140045750,9
seq_mul,27001000,0.1343307760,0
simd_mul,27001000,0.0208041900,0
seq_mul_reduce,27001000,0.2037284440,0
simd_mul_reduce,27001000,0.0143454100,0
seq_mul,27001000,0.1340673740,1
simd_mul,27001000,0.0208596870,1
seq_mul_reduce,27001000,0.2039680440,1
simd_mul_reduce,27001000,0.0143176990,1
seq_mul,27001000,0.1340368770,2
simd_mul,27001000,0.0208087310,2
seq_mul_reduce,27001000,0.2042626140,2
simd_mul_reduce,27001000,0.0144259740,2
seq_mul,27001000,0.1342104040,3
simd_mul,27001000,0.0232149170,3
seq_mul_reduce,27001000,0.2036813790,3
simd_mul_reduce,27001000,0.0143816760,3
seq_mul,27001000,0.1342194060,4
simd_mul,27001000,0.0213372970,4
seq_mul_reduce,27001000,0.2036635580,4
simd_mul_reduce,27001000,0.0143505800,4
seq_mul,27001000,0.1339922870,5
simd_mul,27001000,0.0214433820,5
seq_mul_reduce,27001000,0.2040168150,5
simd_mul_reduce,27001000,0.0143145650,5
seq_mul,27001000,0.1340274990,6
simd_mul,27001000,0.0207904830,6
seq_mul_reduce,27001000,0.2036906360,6
simd_mul_reduce,27001000,0.0143407790,6
seq_mul,27001000,0.1341731490,7
simd_mul,27001000,0.0208752960,7
seq_mul_reduce,27001000,0.2037333820,7
simd_mul_reduce,27001000,0.0143238750,7
seq_mul,27001000,0.1347842760,8
simd_mul,27001000,0.0266231860,8
seq_mul_reduce,27001000,0.2037931520,8
simd_mul_reduce,27001000,0.0143556620,8
seq_mul,27001000,0.1340540270,9
simd_mul,27001000,0.0215864440,9
seq_mul_reduce,27001000,0.2038868210,9
simd_mul_reduce,27001000,0.0143330460,9
seq_mul,28001000,0.1389801370,0
simd_mul,28001000,0.0221072450,0
seq_mul_reduce,28001000,0.2112528980,0
simd_mul_reduce,28001000,0.0150500090,0
seq_mul,28001000,0.1389403460,1
simd_mul,28001000,0.0215318170,1
seq_mul_reduce,28001000,0.2112339120,1
simd_mul_reduce,28001000,0.0148720820,1
seq_mul,28001000,0.1390932010,2
simd_mul,28001000,0.0216566920,2
seq_mul_reduce,28001000,0.2112009630,2
simd_mul_reduce,28001000,0.0148490400,2
seq_mul,28001000,0.1388067960,3
simd_mul,28001000,0.0216201380,3
seq_mul_reduce,28001000,0.2119845270,3
simd_mul_reduce,28001000,0.0149088910,3
seq_mul,28001000,0.1388292250,4
simd_mul,28001000,0.0220975650,4
seq_mul_reduce,28001000,0.2114128430,4
simd_mul_reduce,28001000,0.0148582860,4
seq_mul,28001000,0.1387986580,5
simd_mul,28001000,0.0220959490,5
seq_mul_reduce,28001000,0.2112098600,5
simd_mul_reduce,28001000,0.0148714840,5
seq_mul,28001000,0.1391295250,6
simd_mul,28001000,0.0217053550,6
seq_mul_reduce,28001000,0.2112289800,6
simd_mul_reduce,28001000,0.0148531310,6
seq_mul,28001000,0.1388555220,7
simd_mul,28001000,0.0216079160,7
seq_mul_reduce,28001000,0.2114437300,7
simd_mul_reduce,28001000,0.0148492020,7
seq_mul,28001000,0.1387752540,8
simd_mul,28001000,0.0215131100,8
seq_mul_reduce,28001000,0.2119227970,8
simd_mul_reduce,28001000,0.0150391610,8
seq_mul,28001000,0.1389883230,9
simd_mul,28001000,0.0239706230,9
seq_mul_reduce,28001000,0.2112182680,9
simd_mul_reduce,28001000,0.0149376010,9
seq_mul,29001000,0.1438897530,0
simd_mul,29001000,0.0230472320,0
seq_mul_reduce,29001000,0.2191063010,0
simd_mul_reduce,29001000,0.0154204780,0
seq_mul,29001000,0.1438335690,1
simd_mul,29001000,0.0229449020,1
seq_mul_reduce,29001000,0.2189170670,1
simd_mul_reduce,29001000,0.0153745800,1
seq_mul,29001000,0.1436384340,2
simd_mul,29001000,0.0227418970,2
seq_mul_reduce,29001000,0.2189924670,2
simd_mul_reduce,29001000,0.0153525290,2
seq_mul,29001000,0.1438135500,3
simd_mul,29001000,0.0223068760,3
seq_mul_reduce,29001000,0.2194931440,3
simd_mul_reduce,29001000,0.0154955550,3
seq_mul,29001000,0.1439926070,4
simd_mul,29001000,0.0292893790,4
seq_mul_reduce,29001000,0.2187683050,4
simd_mul_reduce,29001000,0.0155708490,4
seq_mul,29001000,0.1436496260,5
simd_mul,29001000,0.0228933460,5
seq_mul_reduce,29001000,0.2187933540,5
simd_mul_reduce,29001000,0.0153931420,5
seq_mul,29001000,0.1438802250,6
simd_mul,29001000,0.0223191040,6
seq_mul_reduce,29001000,0.2188867110,6
simd_mul_reduce,29001000,0.0153531890,6
seq_mul,29001000,0.1436391200,7
simd_mul,29001000,0.0223399190,7
seq_mul_reduce,29001000,0.2190651770,7
simd_mul_reduce,29001000,0.0153768410,7
seq_mul,29001000,0.1436555160,8
simd_mul,29001000,0.0223358520,8
seq_mul_reduce,29001000,0.2194175450,8
simd_mul_reduce,29001000,0.0154817870,8
seq_mul,29001000,0.1437625520,9
simd_mul,29001000,0.0228393640,9
seq_mul_reduce,29001000,0.2189715010,9
simd_mul_reduce,29001000,0.0153533140,9
seq_mul,30001000,0.1488908650,0
simd_mul,30001000,0.0232246880,0
seq_mul_reduce,30001000,0.2264121190,0
simd_mul_reduce,30001000,0.0159240360,0
seq_mul,30001000,0.1490871710,1
simd_mul,30001000,0.0232225770,1
seq_mul_reduce,30001000,0.2264990220,1
simd_mul_reduce,30001000,0.0159243950,1
seq_mul,30001000,0.1488320020,2
simd_mul,30001000,0.0233060570,2
seq_mul_reduce,30001000,0.2263264310,2
simd_mul_reduce,30001000,0.0158889820,2
seq_mul,30001000,0.1488525740,3
simd_mul,30001000,0.0232032620,3
seq_mul_reduce,30001000,0.2269559020,3
simd_mul_reduce,30001000,0.0160384040,3
seq_mul,30001000,0.1489886660,4
simd_mul,30001000,0.0254016130,4
seq_mul_reduce,30001000,0.2265382700,4
simd_mul_reduce,30001000,0.0159721040,4
seq_mul,30001000,0.1488497970,5
simd_mul,30001000,0.0237642380,5
seq_mul_reduce,30001000,0.2263173790,5
simd_mul_reduce,30001000,0.0161184750,5
seq_mul,30001000,0.1488087060,6
simd_mul,30001000,0.0237653240,6
seq_mul_reduce,30001000,0.2264504550,6
simd_mul_reduce,30001000,0.0159503750,6
seq_mul,30001000,0.1491423970,7
simd_mul,30001000,0.0232359210,7
seq_mul_reduce,30001000,0.2263155680,7
simd_mul_reduce,30001000,0.0159371990,7
seq_mul,30001000,0.1488515900,8
simd_mul,30001000,0.0233428390,8
seq_mul_reduce,30001000,0.2268339310,8
simd_mul_reduce,30001000,0.0160148090,8
seq_mul,30001000,0.1490935070,9
simd_mul,30001000,0.0293433610,9
seq_mul_reduce,30001000,0.2264955140,9
simd_mul_reduce,30001000,0.0158902440,9
seq_mul,31001000,0.1536487070,0
simd_mul,31001000,0.0248134670,0
seq_mul_reduce,31001000,0.2339290130,0
simd_mul_reduce,31001000,0.0164420610,0
seq_mul,31001000,0.1536431390,1
simd_mul,31001000,0.0249375160,1
seq_mul_reduce,31001000,0.2340935260,1
simd_mul_reduce,31001000,0.0165149820,1
seq_mul,31001000,0.1536309100,2
simd_mul,31001000,0.0239791710,2
seq_mul_reduce,31001000,0.2337674160,2
simd_mul_reduce,31001000,0.0164711760,2
seq_mul,31001000,0.1538032690,3
simd_mul,31001000,0.0240900650,3
seq_mul_reduce,31001000,0.2338743440,3
simd_mul_reduce,31001000,0.0165897910,3
seq_mul,31001000,0.1537936210,4
simd_mul,31001000,0.0301005210,4
seq_mul_reduce,31001000,0.2336805420,4
simd_mul_reduce,31001000,0.0165859520,4
seq_mul,31001000,0.1535875480,5
simd_mul,31001000,0.0272858860,5
seq_mul_reduce,31001000,0.2337162380,5
simd_mul_reduce,31001000,0.0165705280,5
seq_mul,31001000,0.1537694920,6
simd_mul,31001000,0.0262911970,6
seq_mul_reduce,31001000,0.2339613010,6
simd_mul_reduce,31001000,0.0165003440,6
seq_mul,31001000,0.1535799580,7
simd_mul,31001000,0.0240548210,7
seq_mul_reduce,31001000,0.2338836990,7
simd_mul_reduce,31001000,0.0164775750,7
seq_mul,31001000,0.1538004590,8
simd_mul,31001000,0.0303242910,8
seq_mul_reduce,31001000,0.2340858660,8
simd_mul_reduce,31001000,0.0165811630,8
seq_mul,31001000,0.1537355640,9
simd_mul,31001000,0.0275056570,9
seq_mul_reduce,31001000,0.2337453930,9
simd_mul_reduce,31001000,0.0165022380,9
